Country Name,Country Code,Series Name,Series Code,2014 [YR2014],2015 [YR2015],2016 [YR2016],2017 [YR2017],2018 [YR2018],2019 [YR2019],2020 [YR2020],2021 [YR2021],2022 [YR2022],2023 [YR2023]
China,CHN,Carbon dioxide (CO2) emissions (total) excluding LULUCF (% change from 1990),EN.GHG.CO2.ZG.AR5,352.181342,346.3820929,347.5476082,357.1602306,379.332031,390.8541628,397.9718175,422.7900552,418.8638989,449.217162
China,CHN,Energy use (kg of oil equivalent per capita),EG.USE.PCAP.KG.OE,2175.394345,2172.63044,2147.547824,2214.867267,2310.144701,2403.415074,2472.543148,2634.356682,2690.560349,..
China,CHN,Renewable energy consumption (% of total final energy consumption),EG.FEC.RNEW.ZS,11.9,12.2,12.6,13.1,13.5,14.3,14.9,15.2,..,..
France,FRA,Carbon dioxide (CO2) emissions (total) excluding LULUCF (% change from 1990),EN.GHG.CO2.ZG.AR5,-14.84252684,-13.57407234,-12.84915592,-11.92046139,-14.70176914,-16.22741855,-25.42299985,-17.09109408,-19.41851471,-26.69399801
France,FRA,Energy use (kg of oil equivalent per capita),EG.USE.PCAP.KG.OE,3752.449227,3795.949887,3715.233469,3700.969565,3665.53573,3601.765708,3224.467709,3470.002973,3102.403109,3138.35191
France,FRA,Renewable energy consumption (% of total final energy consumption),EG.FEC.RNEW.ZS,13.2,13.3,14.2,14.1,15.2,15.5,16.8,16.2,..,..
Germany,DEU,Carbon dioxide (CO2) emissions (total) excluding LULUCF (% change from 1990),EN.GHG.CO2.ZG.AR5,-23.08007963,-22.47159911,-22.04450483,-23.50207042,-26.23976389,-31.19577909,-36.57137645,-33.09153436,-34.89820061,-42.45484544
Germany,DEU,Energy use (kg of oil equivalent per capita),EG.USE.PCAP.KG.OE,3794.447203,3780.850276,3765.217999,3763.194042,3659.229245,3570.881593,3349.190123,3466.917745,3236.728452,2947.21898
Germany,DEU,Renewable energy consumption (% of total final energy consumption),EG.FEC.RNEW.ZS,14,14.6,14.2,15.2,16,17.1,18.5,17.6,..,..
Italy,ITA,Carbon dioxide (CO2) emissions (total) excluding LULUCF (% change from 1990),EN.GHG.CO2.ZG.AR5,-19.47966884,-16.97784492,-18.05036339,-18.87422848,-20.12302983,-22.02755097,-30.61374913,-21.60803195,-21.96233311,-28.35879629
Italy,ITA,Energy use (kg of oil equivalent per capita),EG.USE.PCAP.KG.OE,2414.40195,2512.128198,2490.242797,2534.747642,2492.0349,2494.026598,2313.100062,2531.086988,2411.651724,2317.730291
Italy,ITA,Renewable energy consumption (% of total final energy consumption),EG.FEC.RNEW.ZS,17.1,16.6,16.1,16.4,17.1,17.3,18.7,17.5,..,..
Japan,JPN,Carbon dioxide (CO2) emissions (total) excluding LULUCF (% change from 1990),EN.GHG.CO2.ZG.AR5,9.378606211,5.878780145,5.660940894,4.372957114,1.062191315,-2.341939061,-8.112125251,-7.019235211,-13.44204784,-19.03158978
Japan,JPN,Energy use (kg of oil equivalent per capita),EG.USE.PCAP.KG.OE,3445.767538,3400.592711,3370.887045,3391.049098,3343.065429,3261.685132,3046.982306,3196.217397,3135.859544,3040.65375
Japan,JPN,Renewable energy consumption (% of total final energy consumption),EG.FEC.RNEW.ZS,5.6,6.2,6.4,6.9,7.3,7.8,8.5,8.8,..,..
Netherlands,NLD,Carbon dioxide (CO2) emissions (total) excluding LULUCF (% change from 1990),EN.GHG.CO2.ZG.AR5,-1.869763712,2.757608823,3.615551786,1.953344158,-1.122210017,-4.252230985,-13.93876792,-11.25509565,-19.34869119,-25.47383987
Netherlands,NLD,Energy use (kg of oil equivalent per capita),EG.USE.PCAP.KG.OE,4215.352621,3997.173337,4211.573527,4125.207679,3876.418206,4130.008107,3978.351128,4053.344871,3575.788885,3398.51558
Netherlands,NLD,Renewable energy consumption (% of total final energy consumption),EG.FEC.RNEW.ZS,5.6,5.8,5.6,6.4,7.4,8.6,10.7,12.2,..,..
Spain,ESP,Carbon dioxide (CO2) emissions (total) excluding LULUCF (% change from 1990),EN.GHG.CO2.ZG.AR5,11.30065116,18.66119399,14.97404219,21.51549596,18.68340965,11.17572584,-5.639886377,2.488325996,1.575672347,-6.279395303
Spain,ESP,Energy use (kg of oil equivalent per capita),EG.USE.PCAP.KG.OE,2457.506011,2551.163159,2561.577719,2689.226726,2665.363854,2573.01236,2303.210087,2421.830642,2407.995728,2296.708042
Spain,ESP,Renewable energy consumption (% of total final energy consumption),EG.FEC.RNEW.ZS,17.3,16.3,16.7,15.2,16.9,16.7,19.3,19,..,..
United Kingdom,GBR,Carbon dioxide (CO2) emissions (total) excluding LULUCF (% change from 1990),EN.GHG.CO2.ZG.AR5,-26.07590981,-28.58990056,-32.45564086,-34.52630639,-35.91119758,-38.6394413,-45.21932724,-41.70243273,-43.76899419,-48.12332467
United Kingdom,GBR,Energy use (kg of oil equivalent per capita),EG.USE.PCAP.KG.OE,2768.720347,2773.594332,2696.791194,2655.25802,2625.364622,2508.23165,2306.44162,2371.515328,2257.137588,2151.226808
United Kingdom,GBR,Renewable energy consumption (% of total final energy consumption),EG.FEC.RNEW.ZS,6.6,7.7,7.7,8.8,10.2,11.4,13.6,12.2,..,..
United States,USA,Carbon dioxide (CO2) emissions (total) excluding LULUCF (% change from 1990),EN.GHG.CO2.ZG.AR5,5.222132744,2.99790291,0.910821148,-0.482474203,2.69481153,-0.338285334,-10.38899252,-4.587387502,-3.956408455,-6.055027574
United States,USA,Energy use (kg of oil equivalent per capita),EG.USE.PCAP.KG.OE,6933.943914,6810.094695,6688.249529,6618.988721,6770.788961,6736.457903,6138.375293,6441.742879,6520.176697,6428.36337
United States,USA,Renewable energy consumption (% of total final energy consumption),EG.FEC.RNEW.ZS,9,8.9,9.3,9.7,9.9,10.2,11,10.9,..,..
Canada,CAN,Carbon dioxide (CO2) emissions (total) excluding LULUCF (% change from 1990),EN.GHG.CO2.ZG.AR5,31.78555074,31.02428218,30.73856809,34.63733381,39.3172784,37.86235006,24.11027361,27.50451614,30.61374838,30.54352877
Canada,CAN,Energy use (kg of oil equivalent per capita),EG.USE.PCAP.KG.OE,7772.234835,7681.963987,7936.49539,8166.271172,8158.329636,8116.538737,7485.622496,7601.816111,7631.68863,7415.781015
Canada,CAN,Renewable energy consumption (% of total final energy consumption),EG.FEC.RNEW.ZS,22.2,22.3,22.1,22.8,22.3,22.4,23.9,23.8,..,..
Sweden,SWE,Carbon dioxide (CO2) emissions (total) excluding LULUCF (% change from 1990),EN.GHG.CO2.ZG.AR5,-25.13725085,-24.92408982,-25.39381413,-26.70690708,-30.99690409,-31.50180522,-33.8570771,-30.20498811,-36.63167069,-38.06044463
Sweden,SWE,Energy use (kg of oil equivalent per capita),EG.USE.PCAP.KG.OE,4999.594372,4575.32695,4860.492821,4928.606492,4968.045089,4783.841496,4287.007385,4560.477797,4326.562772,4252.627779
Sweden,SWE,Renewable energy consumption (% of total final energy consumption),EG.FEC.RNEW.ZS,48.6,51.9,50.9,51.8,51.6,52.9,57.8,57.9,..,..
India,IND,Carbon dioxide (CO2) emissions (total) excluding LULUCF (% change from 1990),EN.GHG.CO2.ZG.AR5,273.3791109,276.2575636,283.454403,305.1663986,328.362544,323.1877551,286.0490641,324.2612254,356.2807637,391.9667354
India,IND,Energy use (kg of oil equivalent per capita),EG.USE.PCAP.KG.OE,609.7696302,621.2331019,625.3399365,647.9619833,671.5206492,665.5746873,624.8614464,675.2827757,712.2425324,..
India,IND,Renewable energy consumption (% of total final energy consumption),EG.FEC.RNEW.ZS,33.9,33.4,33,32.5,32.9,33.5,36.1,34.9,..,..
Australia,AUS,Carbon dioxide (CO2) emissions (total) excluding LULUCF (% change from 1990),EN.GHG.CO2.ZG.AR5,42.68633402,44.22926172,47.09686967,47.93622753,47.34914514,46.86436287,41.34019271,38.5164431,34.98807939,34.53361626
Australia,AUS,Energy use (kg of oil equivalent per capita),EG.USE.PCAP.KG.OE,5407.438226,5318.666793,5216.988672,5323.928583,5282.206643,5295.871644,5229.062653,5070.767227,4889.621279,5077.04278
Australia,AUS,Renewable energy consumption (% of total final energy consumption),EG.FEC.RNEW.ZS,9.3,9.4,9.6,9.9,9.8,10.3,11.2,12.3,..,..
Singapore,SGP,Carbon dioxide (CO2) emissions (total) excluding LULUCF (% change from 1990),EN.GHG.CO2.ZG.AR5,70.22990249,74.37863765,67.41520845,79.78147256,71.33739044,76.63690194,70.24443728,75.96419386,76.17810808,80.32083973
Singapore,SGP,Energy use (kg of oil equivalent per capita),EG.USE.PCAP.KG.OE,5609.371507,5832.187484,5948.359805,6313.427053,5798.256934,6067.596481,6033.411815,6495.850923,6630.390448,..
Singapore,SGP,Renewable energy consumption (% of total final energy consumption),EG.FEC.RNEW.ZS,0.6,0.7,0.7,0.7,0.8,0.9,0.9,1.1,..,..
